<?xml version="1.0" encoding="utf-8" ?>
<dwsync>
<file name="about_me_image.jpg" server="tutoringstudents.com//" local="130969587450908618" remote="130704480000000000" Dst="1" />
<file name="cabin.png" server="tutoringstudents.com//" local="130969587476362396" remote="130702752000000000" Dst="1" />
<file name="cake.png" server="tutoringstudents.com//" local="130969587478910930" remote="130702752000000000" Dst="1" />
<file name="circus.png" server="tutoringstudents.com//" local="130969587478445889" remote="130702752000000000" Dst="1" />
<file name="game.png" server="tutoringstudents.com//" local="130969587480364201" remote="130702752000000000" Dst="1" />
<file name="safe.png" server="tutoringstudents.com//" local="130969587519592885" remote="130702752000000000" Dst="1" />
<file name="submarine.png" server="tutoringstudents.com//" local="130969587529391824" remote="130702752000000000" Dst="1" />
<file name="wishes come true_v2.png" server="tutoringstudents.com//" local="130969587606645880" remote="130702752000000000" Dst="1" />
<file name="wishescometrue.jpg" server="tutoringstudents.com//" local="130969587629074936" remote="130703616000000000" Dst="1" />
</dwsync>