<?xml version="1.0" encoding="utf-8" ?>
<dwsync>
<file name="Mood Review (1).png" server="tutoringstudents.com//" local="130969587497548027" remote="130703616000000000" Dst="1" />
<file name="brainstorming.jpg" server="tutoringstudents.com//" local="130969587497788722" remote="130703616000000000" Dst="1" />
<file name="final_design1.jpg" server="tutoringstudents.com//" local="130969587499695530" remote="130703616000000000" Dst="1" />
<file name="final_design2.jpg" server="tutoringstudents.com//" local="130969587501622291" remote="130703616000000000" Dst="1" />
<file name="final_design3.jpg" server="tutoringstudents.com//" local="130969587503593066" remote="130703616000000000" Dst="1" />
<file name="final_designs.jpg" server="tutoringstudents.com//" local="130969587505528860" remote="130703616000000000" Dst="1" />
<file name="final_design4.jpg" server="tutoringstudents.com//" local="130969587504920991" remote="130703616000000000" Dst="1" />
<file name="moodwave-iteration.jpg" server="tutoringstudents.com//" local="130969587510730673" remote="130703616000000000" Dst="1" />
<file name="persona1.jpg" server="tutoringstudents.com//" local="130969587514972396" remote="130703616000000000" Dst="1" />
<file name="storyboard.jpg" server="tutoringstudents.com//" local="130969587520642466" remote="130703616000000000" Dst="1" />
<file name="persona2.jpg" server="tutoringstudents.com//" local="130969587517642918" remote="130703616000000000" Dst="1" />
<file name="Design Overview.pdf" server="tutoringstudents.com//" local="130969587531859153" remote="130703616000000000" Dst="1" />
</dwsync>