<?xml version="1.0" encoding="utf-8" ?>
<dwsync>
<file name="IDeate-validate.jpg" server="tutoringstudents.com//" local="130969587456889313" remote="130703616000000000" Dst="1" />
<file name="Screen-1-amazon.jpg" server="tutoringstudents.com//" local="130969587460993341" remote="130703616000000000" Dst="1" />
<file name="Screen 1-amazon.jpg" server="tutoringstudents.com//" local="130969587462890323" remote="130703616000000000" Dst="1" />
<file name="screen 2-amazon.jpg" server="tutoringstudents.com//" local="130969587468731812" remote="130703616000000000" Dst="1" />
<file name="view 2.1 list.jpg" server="tutoringstudents.com//" local="130969587472333262" remote="130704480000000000" Dst="1" />
<file name="view 2.2_map.jpg" server="tutoringstudents.com//" local="130969587470997773" remote="130704480000000000" Dst="1" />
<file name="view 2.3 calendar.jpg" server="tutoringstudents.com//" local="130969587474539437" remote="130704480000000000" Dst="1" />
<file name="view-1.2.jpg" server="tutoringstudents.com//" local="130969587479030224" remote="130703616000000000" Dst="1" />
</dwsync>