<?xml version="1.0" encoding="utf-8" ?>
<dwsync>
<file name="Thumbs.db" server="tutoringstudents.com//" local="130969587428440303" remote="130702752000000000" Dst="1" />
<file name="Moodwave-logo.png" server="tutoringstudents.com//" local="130969587430729731" remote="130702752000000000" Dst="1" />
<file name="GreenBlocks-logo.png" server="tutoringstudents.com//" local="130969587433429884" remote="130702752000000000" Dst="1" />
<file name="Wishes-come-true-logo.png" server="tutoringstudents.com//" local="130969587434259935" remote="130702752000000000" Dst="1" />
<file name="amazon-logo.jpg" server="tutoringstudents.com//" local="130969587437530137" remote="130702752000000000" Dst="1" />
<file name="amazon-logo.png" server="tutoringstudents.com//" local="130969587439220212" remote="130702752000000000" Dst="1" />
<file name="apptio logo.jpg" server="tutoringstudents.com//" local="130969587439630238" remote="130861395600000000" Dst="1" />
<file name="Yogibear-logo.png" server="tutoringstudents.com//" local="130969587440110268" remote="130702752000000000" Dst="1" />
<file name="apptio-logo2.png" server="tutoringstudents.com//" local="130969587445060547" remote="130861432800000000" Dst="1" />
<file name="apptio-logo1.png" server="tutoringstudents.com//" local="130969587444490518" remote="130861423800000000" Dst="1" />
<file name="disney-logo.jpg" server="tutoringstudents.com//" local="130969587445050550" remote="130861417200000000" Dst="1" />
<file name="moodwave-logo.png" server="tutoringstudents.com//" local="130969564105433290" remote="130702752000000000" Dst="1" />
<file name="disney-logo1.png" server="tutoringstudents.com//" local="130969587452012822" remote="130861426800000000" Dst="1" />
<file name="disney-logo2.png" server="tutoringstudents.com//" local="130969587450587207" remote="130861431600000000" Dst="1" />
<file name="profile.png" server="tutoringstudents.com//" local="130969587633636959" remote="130702752000000000" Dst="1" />
<file name="wishes-come-true-logo.png" server="tutoringstudents.com//" local="130969564293213165" remote="130702752000000000" Dst="1" />
<file name="yogibear-logo.png" server="tutoringstudents.com//" local="130969564298256074" remote="130702752000000000" Dst="1" />
<file name="seattle-tourist.png" server="tutoringstudents.com//" local="130969587646220516" remote="130702752000000000" Dst="1" />
<file name="moodwave-logo_OLD.png" server="tutoringstudents.com//" local="130969587446860783" remote="130702752000000000" Dst="1" />
<file name="wishes-come-true-logo_OLD.png" server="tutoringstudents.com//" local="130969587637806483" remote="130702752000000000" Dst="1" />
<file name="yogibear-logo_OLD.png" server="tutoringstudents.com//" local="130969587642747249" remote="130702752000000000" Dst="1" />
</dwsync>