<?xml version="1.0" encoding="utf-8" ?>
<dwsync>
<file name="design_1.png" server="tutoringstudents.com//" local="130969587551301949" remote="130703616000000000" Dst="1" />
<file name="design_2.png" server="tutoringstudents.com//" local="130969587553029829" remote="130703616000000000" Dst="1" />
<file name="design_3.png" server="tutoringstudents.com//" local="130969587561610168" remote="130703616000000000" Dst="1" />
<file name="design_5.png" server="tutoringstudents.com//" local="130969587576234489" remote="130703616000000000" Dst="1" />
<file name="design_6.png" server="tutoringstudents.com//" local="130969587585327647" remote="130703616000000000" Dst="1" />
<file name="design_7.png" server="tutoringstudents.com//" local="130969587587684649" remote="130703616000000000" Dst="1" />
<file name="design_4.png" server="tutoringstudents.com//" local="130969587580666179" remote="130703616000000000" Dst="1" />
<file name="header_image.png" server="tutoringstudents.com//" local="130969587592936372" remote="130697568000000000" Dst="1" />
<file name="process.jpg" server="tutoringstudents.com//" local="130969587594829707" remote="130703616000000000" Dst="1" />
<file name="persona.png" server="tutoringstudents.com//" local="130969587599765481" remote="130703616000000000" Dst="1" />
<file name="user_research.png" server="tutoringstudents.com//" local="130969587615901261" remote="130703616000000000" Dst="1" />
</dwsync>